,0,1,2,3
0,0.02117890713197057,1.7145111565508644,1.123504928401738,0.02854453329516289
1,0.2051342868918917,0.12891920859567874,0.06274062780065608,0.02574753698232482
2,0.9602549250481593,0.6424450601952321,1.148021184171209,1.1666995927769988
3,0.005653360056361332,1.391790668156026,0.33770517085116436,1.6566820996289247
4,0.04327244093902029,0.9537953160858115,0.834290747567063,0.010300220967992246
5,1.177500007816498,2.2699523879179724,0.9706537293296104,0.5765416356968489
6,1.1283566270546883,2.108377833115412,1.7881883806010552,0.07517446590080547
7,1.1226211869929152,0.2303011520895189,0.7726590656963311,1.2284852219331874
8,0.8766933527242499,2.3628909818212356,1.687889062830896,0.38388943428258904
9,0.043983605299561995,0.9655236485072177,1.2609789308196921,0.2609080073875133
,0,1,2,3
0,0.02117890713197057,1.7145111565508644,1.123504928401738,0.02854453329516289
1,0.2051342868918917,0.12891920859567874,0.06274062780065608,0.02574753698232482
2,0.9602549250481593,0.6424450601952321,1.148021184171209,1.1666995927769988
3,0.005653360056361332,1.391790668156026,0.33770517085116436,1.6566820996289247
4,0.04327244093902029,0.9537953160858115,0.834290747567063,0.010300220967992246
5,1.177500007816498,2.2699523879179724,0.9706537293296104,0.5765416356968489
6,1.1283566270546883,2.108377833115412,1.7881883806010552,0.07517446590080547
7,1.1226211869929152,0.2303011520895189,0.7726590656963311,1.2284852219331874
8,0.8766933527242499,2.3628909818212356,1.687889062830896,0.38388943428258904
9,0.043983605299561995,0.9655236485072177,1.2609789308196921,0.2609080073875133
10,0.3372622079515971,1.759398580853384,2.0092168293229262,0.33394912716766384
11,8.757764802370942e-05,0.3856998459394289,0.10117796842397021,1.0729160891979796e-05
12,0.025376746859847626,0.9534771212381751,1.3305489125640697,0.0027332820602128252
13,5.309363976460052e-05,0.09913517823564978,0.05763521657951224,4.671806451101945e-05
14,0.000739218445631874,0.007478794943768298,0.0016910203944538813,0.00015843591861503512
15,0.08415188728223154,0.18348812091896122,0.7548669349647149,0.4294946632349647
16,0.024950889127506332,0.4173690941582423,0.21492350033149282,0.032120541547539246
17,0.20236671809477225,2.3629293043907613,0.27012838032642533,0.7895758290752619
18,0.018276835718457337,0.07649979245133888,0.10023986744621005,0.0026253116886195763
19,5.8437233748550426e-05,0.01075166750221523,0.08436782644666471,9.74854383080418e-06
20,1.760966220831253,1.0181964195902864,2.3909962285779014,1.1085775254427785
21,0.9608234319410363,1.4979344538479213,0.6653546771542517,0.09422728751879829
22,1.2442182202823746,0.48456041231804836,0.7091361675479524,1.6123905115382557
23,1.958082049170136e-06,0.005141264934961717,0.16294007086397422,1.1194817724512962e-06
24,0.014943722649744518,1.6576598791517905,1.0009262721781542,0.030125391186265314
25,1.4192707203454116,1.918547797830929,1.522475953877386,1.106195663987012
26,0.6572704837337345,0.440222050320166,1.8180068833434304,0.1933365237385357
27,0.5192997844599848,1.3379643045619602,1.92268788233753,0.21496619419871935
28,0.05259177198028904,0.46878971615067233,0.07693601903034697,0.012612569141810416
29,0.8134358713843631,0.7614091333343083,1.012450783216108,0.5769561768232945
30,0.0072835839021858795,0.1016085736482244,0.14472580844748406,0.005941515188904631
31,0.02325701408096911,2.320432272597021,1.7622163512334057,0.004313593476657737
32,0.08870679654653793,1.9197747257042201,1.363082208663403,0.002993547962858936
33,1.41978077257058,0.9605872531958491,1.5282272119864184,1.1150762169818835
34,0.005393239570796781,0.07013044255585334,1.4314324454691763,0.0025334011277583285
35,1.4136863313768857,2.6465912371068185,1.9622276106361438,1.0252289162488002
36,1.0199145293461405,1.6644237813689002,0.20232981495623034,0.7211661347518311
37,0.8207642801118415,1.2498154791678366,1.2198694973854445,0.1637951806498798
38,6.360400345589208e-05,0.008960973866259407,0.052516159729376684,2.2433404444258614e-06
39,0.00014788995388687124,0.8458181227606411,0.40799970418024484,1.6160626048411308e-05
40,0.1471754881340732,1.0172780092222384,0.3861499659515588,0.01402347411677457
41,1.533112466458618e-05,0.013112708027628118,0.01235210637558901,5.922289714218014e-06
42,1.646321989777599,1.2553433941428664,1.164718980319948,1.612548642799482
43,0.04046662211610002,0.8528945018884194,0.9531504517163297,0.01831785179155505
44,0.18148899951722172,0.07860034727177281,0.1607069850353782,0.4500746185891639
45,0.0031230506547323214,0.18981392703594335,0.008937420494916222,5.229019477341963e-05
46,1.2808064405392765,1.5444341102818122,1.6352917427917077,0.23350930295755712
47,1.729522028151305,1.162534204573463,0.516446614954569,1.3465596095998393
48,8.49125402576531e-06,0.998149973628796,0.2851905158079646,6.588161477283465e-05
49,1.7782878912073896,1.488249692246953,1.98749067050792,1.2540472201412267
50,0.2459705175354,0.33344151024532176,0.41924384229496015,0.019551517421544394
51,0.009848422926636638,1.2614907922946719,0.4796641759488045,0.0008427896826284449
52,1.2493360697921174,1.7002349579583573,1.7901833058906944,1.1308303449150436
53,0.008858031652317792,1.8238234074482942,1.5339296179622883,0.003757889546899114
54,0.002174497028949426,0.0198970255884621,0.013201199164125757,6.164529984788539e-07
55,0.019528393169818112,0.1393119661908628,0.11619271006811317,0.0012337351020171318
56,0.009861400124249804,0.49319384984374054,0.8977763853303261,0.0015016239160231572
57,0.2647799345511116,1.187246453211363,1.9175428847711982,0.3231501080327922
58,1.12005912891905,1.7436015050104283,1.8314373315047252,0.7745220554896096
59,0.569357930488785,2.069168835416425,1.8104603729439124,1.078741214042331
60,0.0003039554084881853,0.018778770971273676,0.004499090558811375,0.00033266915032055706
61,0.0033256656842663517,1.2608470151683406,1.3400392184842576,0.00014788946091848042
62,1.8302547025691573,0.4447127325993239,2.121226129622394,1.140680380100425
63,1.854482227440617,2.0358404781754227,2.039537498701216,1.2542944617181662
64,0.0169669054009392,0.05100400805301859,0.21146777815768628,0.013396079391613223
65,0.7266890495202815,0.875010414482799,0.34152262172102404,0.649025954073588
66,0.05797135510953869,1.1103423674003627,1.135733953536479,0.33222890890422957
67,0.002269740875397288,0.026988983335668515,0.7180576147808763,0.02620288171149425
68,0.9980854007815606,0.7338145254317879,1.6796588475279706,0.7694373545629739
69,0.02066749704165275,0.7674993839816685,1.0436673188322718,0.02730921568331556
70,0.27770427828528177,2.1159487342379806,2.4177214737542307,0.050495130055713745
71,1.122592563993471,0.1609777403572418,1.807383834957347,1.1098781956611319
72,0.5661097674758934,0.5584243014573267,0.04252099148347477,0.001574120395165911
73,0.0014826617411806877,0.0031635819680006366,0.049555840486237596,5.936290633574345e-05
74,1.3035259486498825,1.1808512587639515,1.1791028512596888,0.5723492280378739
75,2.0662410762498186e-05,1.025360576487556,0.3612245309635763,5.520827682994516e-06
76,1.0942530120456215,0.19282219718792368,0.335819022020115,0.6289958678006253
77,0.8238595008851682,2.187608219232882,1.7175929179487324,1.1909695707401002
78,0.9094560736846616,1.4396516460849893,1.4356726908661213,0.2719780995248099
79,0.0011162583561226576,0.478783414515375,0.03798888493239132,0.0001730106052742471
80,0.24389391126888715,0.6769755628577866,1.3880064307640094,0.3134259774513851
81,0.006771751378466386,1.0067939660894007,0.7736131545321683,0.019780411264836165
82,0.00030078350356314425,1.520799188442152,0.682510606508804,0.0038916076227824767
83,0.6728771788439213,1.6363920521364632,0.9580478027141519,1.1088695267213389
84,1.5465398925506786,1.778100449062068,1.8951309212678364,0.6624053958525771
85,0.028080702738510526,1.8374867613381776,0.14738381023816324,0.04058552637372008
86,0.5500291713952774,1.268985001586093,1.717437755919862,0.3449128263355952
87,2.499151710046589,0.8952109363248876,1.4346586573078923,1.7472396435316555
88,0.10422465345143861,1.416370472974104,0.4153771387446833,0.153486107634946
89,1.1159913706353897e-06,0.05013490311106477,0.08724447590421636,3.3539256425613504e-08
90,4.158337622071471e-05,0.596678079440865,0.7016621766782354,0.7254057124682565
91,1.4909527028970626,0.8606925777247308,2.464326973958948,1.0678609758270845
92,0.2416796869724101,0.19071610116367352,0.3585345438252725,0.14016955286883598
93,0.04150289353744969,1.66097036598521,0.917388782245657,0.006363888731717343
94,0.010159556263165592,0.08179604401476102,0.44612739878956054,0.0032978893338943363
95,0.0007955081516810206,0.2016357816880044,0.1362846907537669,3.5971290070389805e-05
96,0.06577543718875381,1.0175260086880393,0.1286956012838314,0.0015812220269153807
97,0.5057748764926089,1.0808122913414309,1.2289784761437619,0.9770765548852666
98,0.0034666526861981337,2.622010995071786,2.078010945994535,1.5309416676672212
99,0.9957503911131816,2.4250877230343804,2.3550618432894894,0.7671526347982423
100,0.017114110336674666,1.2649944370013633,0.8360121639525578,0.06789816120227785
101,0.9539491910851263,0.12188953295154414,1.2284469498473976,0.9988673737182829
102,0.003700507401136115,0.39015322713070516,0.003584384593860551,0.0007625054325721615
103,0.03712977273088858,1.4019920030172341,1.5549268606943754,0.024426165805760774
104,8.237069048495758e-07,1.1512192565363903,0.6869111151867415,0.00017045561872456154
105,0.10896083065272719,0.848953410882987,1.817286916461077,1.22713498401654
106,0.19229168849637687,2.255650690592582,1.717393623859724,0.029481939798763308
107,0.003208853152259876,0.14807392393129587,0.05142940428495528,0.0010750154275229633
108,0.050989367978925795,1.0925177512958948,0.042254962034142855,0.016538387686724772
109,0.046678264424892986,1.3546432669782082,1.145610784152853,0.03472202836447025
110,0.9194060114871333,0.21197670900627474,0.17807917708996795,1.1310341104957335
111,0.03575073009964753,2.350063997336997,0.39444737786850986,1.1791693858989067
112,1.940325964701078,1.523318547779691,1.9423962632803855,1.0475705582622399
113,0.3763975206539918,1.3642085223057554,1.6478706094257556,0.43979775178327374
114,0.2364883962512703,0.046385315248793704,0.5693588565125586,0.27281308791210995
115,1.1472934726238064,1.6431979424537755,1.473206912325154,2.1441998170980394
116,0.0018352669254991317,0.2473441042486926,1.0854324162659055,1.2572177836898502
117,0.014911212388902273,1.2795991363988721,1.070026984562369,0.004798838422378456
118,1.5607997085484477,1.9915978791427762,2.035574076689425,1.3827888827474086
119,0.019769841780618594,1.8363762310251839,0.7991198847305958,0.005386068895491357
120,0.17567012265852475,0.09690444269909007,1.164549432426076,0.12980258803772265
121,1.4682636424309075,1.1160983184834457,2.159195637333551,1.4329030879549074
122,0.19745571437872214,2.5428690687048623,1.0609038035174871,0.11607044277650455
123,0.08699290677209906,2.2456982282330626,2.3254352482359177,0.23208386867388697
124,0.20402957385487247,1.3546606958614087,0.48631786872354277,0.002730342955215563
125,0.675302814527482,2.0577670434063338,2.2177981073119053,0.960001004425833
126,0.18338240591919994,0.17649548704388368,1.304131855405168,0.026099291385292253
127,0.17083300579568586,2.232857642593234,1.8413660032629906,0.01962958723876457
128,0.4468757894639928,1.3894937351686574,2.1339984263223046,0.08311803975844391
129,0.4159651413857923,1.8657019181274688,1.6709223448418866,0.2717206377634077
130,0.9866571381453262,0.018340026896454427,0.041398875358727105,0.7612448919305601
131,0.0009000342808862847,0.7816707256699087,0.9422269260338694,0.032721828663127756
132,0.09434258526321143,0.44280776684212775,0.7662926468526469,0.0159126254417761
133,2.417623140035171e-06,0.04174000739580507,0.003532573382087678,1.2293354761657308e-07
134,0.2027618857064775,2.018516129528483,2.062407764656403,0.5752438871028406
135,0.205652125256539,1.3064276544483167,1.9068541708740774,0.021240754720922267
136,0.641591728431034,1.3680088243755804,0.704485992443373,0.06707879460534023
137,0.0012386638991331686,0.2061997065377907,0.05772903427958009,0.0006978219055604721
138,0.3790102718583717,1.7575791303456811,0.9468968171014175,0.37791685443192524
139,1.5894747723961116,0.09037399242887272,0.5262654686757153,0.37051652823054537
140,1.5504880135776575,1.4049623955930706,1.9673214232687921,1.597647814088343
141,0.6583912322848878,0.36958867879330026,0.6928134009492313,0.3837575868422687
142,0.954754258116204,0.3728972162216848,0.08927669532432489,0.2919983619140023
143,1.3550217788831374,0.5056849068868681,0.7813192148034733,1.4897318735384275
144,0.06857648405120793,1.4449808462670517,0.9578936699883935,0.01160411878469347
145,0.44650843163493625,2.7179767969220427,2.3173539061534054,0.16735417858795507
146,0.0009586216906286145,0.7138590171154942,0.16192079659567327,0.001610341106465262
147,1.0608370394655282,2.088668853439054,0.3749133139999659,0.33889116963932314
148,0.32691138455717145,0.34636630455805645,1.6634447024265147,0.06439917842118219
149,0.05119093640218314,0.9812777161986544,1.1707422578873525,0.5595474929956592
150,1.2000971955865838,1.8320228341438793,1.3598311563172896,0.8941417925986507
151,0.9206779599712465,1.7509991587332285,2.694621911995501,0.21731939739436779
152,0.045730344642513084,0.38681864732554727,0.04736330985890659,0.061614793359191775
153,0.4994089125221858,0.9123374290671243,1.3202292702635172,1.00930135814099
154,0.968861628836267,1.715512552362513,1.7504028944160002,0.17370702233494967
155,0.06273020740790856,0.20440667638828414,0.26837303530437046,0.041790065502903304
156,0.6984516018157281,1.2648049723367287,1.818741565954595,0.8751493095986204
157,0.0002268572744573392,0.7861241127079817,0.0850798227761311,0.00013596905870578944
158,0.4873225084923166,1.7002151387093738,1.6843284199774327,0.04462520350601179
159,1.918924475362393e-05,0.5186249600092396,0.2560780537556855,1.1648872018074106e-06
160,0.9384593316045974,0.8259032533686347,0.8216413772975912,0.0260779253808081
161,2.0934094119717004e-05,0.3614726907830199,0.13351811725837803,3.113215025307418e-05
162,1.9825793863347807,1.7815410586692466,2.5829313433683487,1.3671815722690683
163,0.006693416766513189,0.49275590202696234,0.14138676702258632,0.021481636561353823
164,1.4479587742571465,0.5017693831128738,0.6086930518289617,0.989778702616491
165,0.7514887809751951,0.529525189821913,2.29487236510604,0.4600902965020229
166,0.09733127716270536,0.4297166869997274,0.13003089489877923,0.00046072201521649375
167,0.5644817930687156,0.7150582547220852,1.3780871370926773,1.020692160414291
168,1.097826933589812,1.2382020911542884,1.7251188711186356,0.6765726520257646
169,1.090345492232281,0.7660780181189089,0.39653820247189514,0.05137170230071221
170,0.0038215841216845516,0.5698043217206834,0.19585195555756216,0.0003927664937466001
171,0.24229557628801235,1.8075081562254596,0.4434964727423364,0.05331077964106302
172,0.02374053632350369,0.9203548063318163,0.9768664107737861,0.006543036167474821
173,0.4630904284646688,1.1025506006696395,0.538307161432562,0.08592179128595775
174,0.002156836234351648,1.3305672565064928,0.8915463015707243,0.0008853007864193951
175,0.00903075167214048,0.027792682705591234,0.35830591885265206,0.001077936222983924
176,0.16511501824702424,1.7233826695787382,1.233485657503934,0.08117175729065561
177,0.3124053897221601,1.8854445068345398,1.662120619281426,0.6238364444542078
178,0.9949234135464361,0.8059904809822586,1.2857310459283686,0.9796421215140644
179,0.3830087071228126,1.740849082011846,1.7136524778304163,0.41910199443758206
180,0.5758259852035966,0.7185358989535251,2.6088282812005312,1.5216080686075324
181,0.07187387150889765,1.7699520687699524,1.5578640647654112,0.00813346349488541
182,0.01526419008422314,1.5640316975187376,1.5193542551864407,0.09500603855498972
183,0.8028476141465595,1.4647148512212376,2.8919600402481347,0.3265250526071852
184,1.7723549144323263,1.85657892370135,1.5209362529413608,1.855590384171891
185,2.619347099923363e-08,0.0745895241768066,0.23503526082824372,2.0097351670699657e-08
186,0.035574113103589156,2.198587191291639,0.8095052835437514,0.007719262150820582
187,0.8620264785723638,0.4776341221232564,1.9566184490540999,0.21622269913707276
188,0.11606354471483736,1.160877591199617,2.1534726326199785,0.38355187213051195
189,0.8052080810010371,0.018525405944416786,0.017384702772310277,0.03375153550963384
190,0.3412000714369848,2.068094697600626,2.210088746482015,0.5591509760688809
191,1.2143790673007406,2.457234482763376,0.6778579312783211,1.7335271368501166
192,1.0514331317304983,1.5961663671484374,2.390034785603719,0.9835096580546357
193,0.004042911762091369,0.9232130014131121,1.5403323057482368,0.21560918514737604
194,1.5288427350801437,2.054135402980488,1.2174686814085949,1.0399707843407908
195,0.5594291381705004,0.33844077610028517,1.021425736080519,1.3873795614574767
196,4.450752523091204e-05,0.09477303953554327,0.04042735492784813,4.8946911036877945e-05
197,1.702504370194338,2.106627859487288,2.1174589017924905,1.7221938794600133
198,0.013916537470123657,1.7534790098779505,1.6283720189662865,0.01794462677171448
199,0.0053961132996676745,1.4654714481518618,0.5039107615966597,0.0045582974382643
200,1.1333879578216866,1.9844272535805865,1.1193177316359975,0.9507605969664017
201,0.873147730331067,0.8657322134256862,0.44815583493703115,1.6886010308277595
202,0.40279247883002695,0.3679947967097949,0.0763876884863624,0.1055258217679565
203,0.000290477562984056,0.051164042995688955,0.027144881709624022,0.0005685252647559566
204,3.4357427981387685e-05,1.0728327000590412,0.28456222126086694,0.00024524139228210783
205,0.4959454709219382,1.1421862997398209,1.1037635030291137,0.2379293114923575
206,0.922041132377071,0.07681766825954779,0.08546314785314954,4.7366642416245315e-05
207,0.5249931545231104,1.9037120014085638,0.6157636201126951,0.6849474579356956
208,7.49494526122944e-07,0.006617011537172314,0.05806744700795867,2.223370938416614e-06
209,0.8868162827506283,0.18671736523665994,0.8634353868839639,0.7132061982324855
210,0.14676266880748512,1.2464430543344318,2.2897649898182153,0.1809588593360273
211,2.0861780320623717,1.2210259986821725,2.148664854351855,2.050388238530117
212,0.18160414279380213,1.6117109599523307,1.024907134488165,0.16539254336249634
213,0.33499994367139657,2.401221626495764,2.0248354921073064,1.0117075297341742
214,0.08883199385941512,2.1493640650477053,1.7790446320988245,0.009983931788959675
215,0.39970742100281803,2.258716091405105,2.2984782877658767,2.3330400231818085
216,0.054191785529732604,1.9472832043103827,2.2338959957936675,0.03732423644451905
217,9.126637690642606e-06,0.007821135399224572,0.013000187736769423,1.8273709084747651e-06
218,0.21450697228682902,1.315372478620098,1.7137797309050167,1.389551100698252
219,0.4088930635777095,0.7866016844893926,1.3436585739569762,0.05425835599208666
220,0.023775599001222027,0.745924351980429,0.35586181114619725,0.0450138269067396
221,1.3410980671964818,1.8721090608698776,1.4754857644692183,0.4167628727097299
222,1.977803542723269e-05,1.092955357224044,0.0327185374597482,7.797291073717063e-05
223,1.2038393507065537,1.8632168964543478,1.4084258338043423,0.544175281226224
224,1.005628054379951,2.091601304804632,2.0628575980087374,0.8441732602822426
225,0.0867431336248461,0.1313977752385086,0.6912178442235604,0.05531482843031111
226,0.47446316610790806,2.1559829510103197,2.6231417817157743,0.4592408670915797
227,0.8318226494215404,1.511745489870692,1.9014793535603545,1.0555875701533404
228,1.1847871077945253,1.5336285053365675,1.1992360091903005,0.48787304332339954
229,2.405572265842846,2.0089519558156526,0.9705300769968114,2.228509115543566
230,0.03461495705468041,1.6485527988407174,0.9797380044322643,0.008938898695001897
231,0.0012561342858822154,0.8780567792622468,1.0078897659649129,0.023332091696673034
232,1.0622517178211979,1.2077545519612518,1.3704283040222538,0.995675750705534
233,0.728214331487839,0.6737258968391829,0.04570425422493199,1.4663819141074352
234,0.2548282570423548,0.4669902691905871,0.4955939626268251,0.22298378738748947
235,1.108399757265647e-05,1.310648539659364,0.2854922626947125,0.5101527629145081
236,0.003916969724396477,0.48022469255325223,0.2541641585694541,0.006800216549187152
237,1.582620262398378,1.4250302135995545,0.9444316309643231,1.0346613024388867
238,0.9596624015936558,1.222516883742899,0.8090326956743401,0.9986591958469235
239,0.25717699717171255,1.0872560858852869,1.5417245982253371,0.12422747462613792
240,6.721976196521025e-07,0.17258781145167434,0.011044135613926377,9.32706991673868e-06
241,0.2998368347888528,1.2097592226191134,1.495542982349475,1.2089818411166025
242,0.9926878930819533,1.4064499622603035,1.530780739415134,0.31512897218783603
243,0.06521825050612284,1.4177737754152693,0.036994327269442684,0.06909120096923689
244,0.01978987840631664,0.19253770030875836,1.1685896459058778,1.077622896549376
245,0.30760111089022585,1.8451219792370257,2.1387066751181414,1.2721463390082075
246,0.11045372350854607,1.3113417601689674,0.8647899122270295,0.7050423799293698
247,0.0420370085376683,0.235194709683258,0.3410237166062217,0.025189881347292907
248,0.022377961568575203,1.9747419421720467,1.5345624973764496,0.01089685700004367
249,0.6553028320180642,1.971303999748168,1.4958380630783685,0.23907728456359642
250,0.3912909579500956,0.41774804072449717,0.5001873776513011,0.9597465161658029
251,0.14392205424361104,0.9877827256013513,0.5652741287060489,0.04858700751127787
252,0.00046738693462005434,0.004856160834751187,0.14222931176579107,1.0546610297544916e-05
253,0.004356385318165101,1.28482707289773,0.5851988506512896,0.0018422166268083056
254,1.190968226624363,0.7147722517589281,2.02721494340132,0.4460854720993967
255,1.6110731805983036,2.113629533636804,1.7798816823742676,1.2269309221037363
256,0.012038783242154797,0.04541358968804226,1.4186653778528937,0.023174914740453068
257,0.28467469346348384,0.25088132478126246,0.048162937039062825,0.0009418951764416355
258,0.1629128754050981,0.6099669543978313,1.0662281506883025,0.00018692634706114267
259,0.3005913989187968,1.6074790005622963,2.2156201153238344,0.9036501750314909
260,0.05158089450733027,0.6442318015600931,1.974958105819872,0.03396607499941365
261,0.0020482952027379106,0.8801725459516954,0.7792592997652947,0.04556496585630085
262,1.9596417937083712,1.0799500791528596,1.0984739057408992,1.7142605232932218
263,0.06605511344059223,1.5793109504004408,1.2326288583805174,0.036841166988000225
264,1.0039720817821376,1.2628739351686282,1.565530659974871,0.9057413561628721
265,0.5989387783422421,0.4196776325135003,0.406168605848847,0.12378596503285436
266,1.6450240756543921,2.4741441388847845,2.8033576244578713,2.1695779754087536
267,4.966262331638492e-05,1.405840468127073,0.07483453095259203,9.951735013187745e-06
268,0.00025892198174113626,0.003179945344429795,0.0025826213787964554,9.402246376824873e-05
269,1.6576256919772374,1.775546177926163,1.603192473963174,0.44312805008510886
270,1.5365833819850898,1.5714113261093956,1.8694517393075991,1.4525194565551511
271,1.3618901924848035,1.8192638097989888,2.0165794598529927,1.7164545130316102
272,0.028906894838241503,0.000989820610174716,0.0036015046629259456,0.024466439194554924
273,0.6405160781009125,1.8513300412934148,1.2709033037430784,0.5061455200750312
274,1.454027852955187,1.7655655881877088,1.3351922016266666,1.0553312568871618
275,0.4741866989147164,2.1221357694497005,2.208582126458921,0.12405088759791807
276,0.11875510832998093,2.1447425388812635,0.9865414467800205,0.5657637956582775
277,2.0430892360225537,2.048439077445395,2.272930455802672,1.4732532383215204
278,1.1684797879717783,1.7693145364760954,1.8172929979861476,0.9920291314920641
279,1.280369580242865,1.0278918335004437,0.9924451145344724,1.4204622877372015
280,0.007786207493174499,0.010773286456731401,0.4167250328909394,0.0005878162044568775
281,0.011992897619096566,2.079695832238867,1.2184293911603534,0.10380538269620526
282,0.1802102083873383,0.5150554880079297,0.054856203844752524,0.007087585162378189
283,1.223985100181225e-06,1.0017367132879262,0.31372359272481387,3.795284482699319e-05
284,1.4779081775483112,1.3770321693262306,2.003689978180015,1.2723295476383927
285,4.5633197203324864e-11,0.016580444092393114,0.0023904490325056247,2.1479389546884347e-12
286,1.0463468994506346,1.3696473817842034,1.538137693575915,1.3095973254253062
287,1.3961067209368108,0.27423529987839335,0.4770731052683293,0.5261260822053457
288,1.130186131394209e-06,0.14713406871685678,0.018425164685655575,4.481308679874779e-06
289,0.0006937672876391539,0.34380221544380446,0.08854168524966645,0.0009087159570603365
290,4.571488080669444e-08,0.8266789268716634,0.3100001616943757,3.2102692136333736e-06
291,0.01957663592357203,0.5181377698437096,2.0557026342737443,0.015603773881590073
292,0.0008540356897133582,0.11478351031983325,0.2120415465138218,0.0005402415434080144
293,0.10554669256393315,0.6946363742150854,1.0119890939971994,0.9395060557238266
294,0.0013480462827148638,1.4246515304848861,0.6914169969333952,6.306196503136917e-05
295,1.0672462561640135,1.2820373838349772,0.8586388741138442,0.5251010224062298
296,3.904547960557628e-09,8.684760070239717e-05,0.00017241094985137137,1.483306039480006e-09
297,8.05101324735865e-06,0.27204780304563925,0.003324120235181116,0.0659432021231614
298,4.365759692505382e-05,1.39673622740565,1.830581126202276,1.2512024859864828
299,3.2101595071774784e-05,0.006078859096874364,0.0034782708185709284,1.4373435477714115e-05
300,8.275041771483285e-05,0.007630738738051489,0.08265191417050835,0.00014214530454289295
301,6.193026097601732e-05,0.47022656184609496,0.18934886045722607,1.7589788256660845e-05
302,0.02696045303597858,2.2708254047784733,1.4592534809834856,0.03689250829221536
303,0.5973536995857966,2.349537543328932,1.1963926313238433,0.34473990199147525
304,0.026727015939416315,0.21661841163516998,0.6571288959193134,0.005012379799982406
305,1.3499195087550409,0.30347932320170823,0.32762489792689153,0.3122684860982395
306,0.5589781160264647,0.08702266655025544,1.0775359106092943,0.2801159401997285
307,0.41442364470431914,1.7177569925581566,2.5494270520132383,0.148419152260746
308,0.00019453687612273424,0.7018965036463947,1.1702159534382908,0.1334006575291921
309,0.09669351207900412,1.9481974003102656,1.5944079652343082,0.28219442120367444
310,1.7418718965231963,1.2054609088909045,0.49608909641678145,0.7598137869563966
311,1.3136102630525098e-07,0.0001540671356073571,0.0008565442173393798,1.6549265323783853e-08
312,0.011087499087428902,0.1929739202738212,0.9588510606308676,0.9351900220208162
313,1.0855184277756014,1.7363602062763586,2.2292318187815496,1.6622025732698134
314,1.8186302761882196,1.4828690148336237,1.033077408506291,1.9964153665783002
315,0.8164617247279715,0.8551695211008506,1.6709838030120012,0.6257548370110152
316,0.02219564549673895,0.20122952370132527,0.37377700235528766,0.008428208500459389
317,0.0018790391386285445,0.11785839600512196,0.02318397593634519,0.0013939807862800272
318,0.00030756448878620864,0.6435977529939453,0.19455424534156096,4.9713231702092235e-05
319,0.02785424100573097,2.059917744560156,0.3650345275030209,0.009016375988240101
320,0.5935844256849593,1.1980469477598654,1.3158145929451293,0.7470407120374053
321,1.00196517361604,0.9724226057429999,1.136693958000082,0.3687999233304691
322,0.0015616228117213045,2.1503738887054067,1.8223469722560868,0.0019339056667175547
323,1.0369524324218304,2.03043066903345,1.9248769103849734,0.6504000799861585
324,0.2940275847281867,1.9883753281168246,1.8373515022936888,0.09205467072225469
325,1.6475347561694376,0.39929527492257455,1.8596422790267175,2.12815976283129
326,6.746177916664513e-05,1.161791818398546,0.1586356378621579,5.201640843030916e-05
327,0.3262592152834837,1.0751520025724004,1.2545259567687446,0.022306102493151125
328,0.0036017044942794106,1.4481365781827573,1.0213022261953806,0.001076640642412533
329,0.0891019234882973,0.09967905712910216,0.05707548476152423,0.014464107635295445
330,0.00015067156243302402,1.4465584408436878,2.474173006749252,0.012795409597160095
331,0.054525279250152936,0.021178256428255878,0.13906755433177354,0.014494849381278204
332,1.2458550527114907,2.4375298525844338,1.266132808779365,1.2245990587683664
333,8.391931723617374e-06,0.011830378355165237,0.019305088319739584,3.5205923696726098e-06
334,0.00011598979971707584,0.05100327863883872,0.6160938207751282,1.9524643092986095e-05
335,0.015494081967751178,1.3629337296493573,0.3352498135218457,0.005434539458209346
336,0.0016474796413024385,2.0580478871507855,0.8874358362324587,0.0023034798998224186
337,1.0276460759807668,1.5798613646453732,0.7183138697499569,0.9261942177635013
338,0.42500970257285,1.6241748038083403,1.6966243255824747,1.4830156556263552
339,1.6740514564872317,0.247809532264824,1.6831362631951259,1.6064046521198025
340,0.06595510852560352,0.6764598874298953,1.5185149134311065,0.09802357250428284
341,0.0034147524574178307,0.010597920213942276,0.15041169852994288,0.0007453625738842333
342,0.25753708227987093,0.36641794451034154,0.2069355540272909,0.08526155619890095
343,0.6213405474835596,0.7797982198981949,1.0323455954588274,1.4011413959048113
344,0.9811712665849021,0.7424529468241413,0.5973851525784255,0.1284206241054183
345,1.3603072425004423,0.6303059483337472,0.8545418305622291,0.6721569541705138
346,0.32837011332580757,1.4506315003118615,1.342818553231116,0.3554511274475654
347,0.2518757105326346,1.0647198448355244,0.9609000815404433,0.060392156106475574
348,0.00023698125691483924,0.671984295026605,0.016331537043883917,0.0004126021086986917
349,0.3959336918273225,0.11221233548786275,0.7846607239159614,0.010297951499058608
350,0.0006963314254232385,0.22187922937364957,0.1341780095293736,0.00015297846501899923
351,2.6401732527590776e-06,0.4692163628281333,0.06937932090469731,0.00014566401622445103
352,0.5506871819123489,0.15845413919669799,0.3104322925325926,0.2834403922402757
353,0.0001352036563463739,0.6927389766686266,0.2822017616656089,0.0003902470361117538
354,0.5656319278497982,1.6167306096378948,1.2693094697706757,0.09356954263238254
355,0.400244796646927,1.2511417275847136,1.458518934646053,0.1247300301582678
356,1.2087178115784059,1.7077808459718773,0.7039146960589583,1.1430074813422828
357,1.4508037901135713,1.6518312482386042,0.8878427760593258,0.9552019602740567
358,0.9930565633235627,0.8955318232455373,1.0137258161437683,0.6927872483618965
359,1.549510375603882,1.3613646693215469,1.1038879598905273,0.601233287412925
360,9.893675522679795e-05,0.4322663397537897,0.03557945194328259,1.7051108710715814e-05
361,0.012657420119824335,1.3374210663786403,0.944157414631838,0.00033051362344636295
362,6.568050309898243e-07,0.01633720829897656,0.0037643285554523403,1.1289705996204978e-07
363,0.8668051569888222,0.901702482918414,0.8184401445074896,0.20772307918812122
364,0.0016577518427580912,0.013698719507807794,0.0019410404931104771,0.00011116549377551803
365,1.8100274547593174,1.3153203079001363,2.6515145986210427,1.4831876191683677
366,2.1032861104774,1.5995451494875252,2.34274063462687,0.64995230305031
367,2.254605244092912,2.1834493948990747,2.5537880915534523,1.8241878914669254
368,0.14393965451615875,1.0898496247012772,0.9420837375360258,1.5444164937442972
369,3.2874243724455876e-07,1.287969498057489,0.3868338380717349,5.620193398997846e-05
370,1.8270919673203054,1.9764132543282926,2.0688300098841963,2.0136439097967083
371,1.7796247100850353e-07,0.26175318849973306,0.014232395880862166,3.909458251800402e-08
372,0.004223060546521947,0.14908200098434665,0.2472800916262876,0.0004126999779645766
373,0.7485561749613722,1.2075957336632273,2.0763790823806323,0.30411233716706687
374,0.006583197419741949,1.0492128228851834,0.5378842065598203,0.005422509711011764
375,0.001226799922324729,0.7006715802764125,0.9666600566663115,0.00486457362821463
376,1.6596748381971675,0.3365742375837939,0.17908006466143522,1.3932643563705032
377,1.3052890702306208,2.215747599950467,2.5771259017993247,1.2835892877548474
378,0.40562425173888594,1.5476311440359738,1.544765195738327,0.9073509478448307
379,0.0002980139779695603,0.03977942647988492,0.04049732825483368,0.00019092382777548728
380,0.0008316514824810436,0.06311185955204422,0.028729667060220482,0.0007775953325118792
381,0.0022787559131530457,0.08119521864369068,0.17283320534537122,0.0014632968573075247
382,0.004021609545227802,0.9656921748448681,1.7939307643465463,0.18952546582908156
383,0.16479656485028193,0.03514019315788255,0.06103758692335679,0.022555379300473636
384,0.02776652538351093,1.7519798406784173,1.1350589388469192,0.004925235160840401
385,0.11260656382812192,1.4443365791479952,0.8037893267189223,0.8096606079687849
386,0.14018826562532152,0.32698757018906266,0.22855195151633556,0.24229194080451485
387,1.2178429920306189,1.4161584239790712,0.2512170391999016,1.0015948255903309
388,1.4252904597748803,1.5106238345533347,1.3846694425472903,1.0072250890121477
389,0.004803025477444941,0.07594335852486679,0.04833237016201397,0.00011986728597942976
390,0.00016060786028747415,1.3543137415204356,0.8824014727751117,0.0012840316826108185
391,0.005484520136900703,0.06781098490331842,1.1409295224879603,1.294852107667992e-06
392,0.075096220673754,0.006835839829970615,0.03519929878394898,0.004941769568985592
393,1.6169268874561085,1.6331330215520568,1.7015356976042335,1.7172285855080276
394,1.5088781520258743,1.0125728704794992,0.5716264869542907,0.8262407909459656
395,0.057151165766356975,0.0596985018965936,0.1692939216128246,0.012901433525797687
396,1.7752236636490042,2.0809026659546426,1.6750734287981388,1.6260407189612698
397,2.333680264855657,1.6225023579677629,2.2567127246851593,2.109203986597245
398,0.41349125669887177,1.278029100729629,0.8639695554523614,1.3113212364525682
399,0.044462828137328034,2.0127274975090446,1.8283820083855722,0.07497694397074844
400,0.01626900029714394,0.5980167263878767,0.2516040104809982,0.011813906657325535
401,0.23046110398411176,1.0958212330100914,0.43833196611310016,0.15920924403560224
402,0.008268529681863214,1.7272723312652092,0.5314416807766998,0.0069701431659487155
403,0.39742419136563056,0.6592427876696767,0.21039254677853228,0.23200874357485562
404,1.0050752960223774,0.5609641323541719,0.2627797207890543,0.023036179310997208
405,0.9088980607600553,0.9929328307130776,1.145429224870827,0.6212849858102788
406,0.0005465579832839006,0.2323546815303021,0.09279417801898157,0.21196632355207345
407,0.9193682489935547,0.8248525178724104,0.7070234941695577,0.5838172829337825
408,0.006768370539396785,0.08963912689626057,0.13316392793565898,0.002335092807846534
409,1.470115799525635,2.1066023492425807,2.377421045756351,1.48400246337477
410,0.014331948486814837,2.1490080693991236,1.171428295341075,0.0009738486514476618
411,1.35174262930316,0.8057213583561764,0.5492491770191161,0.2230240647700176
412,1.372479518365603,0.4370249049749382,0.6337301570455425,1.0724263251756962
413,0.00013013297785106198,0.002660442507337416,0.045904180974654096,5.759043615212556e-05
414,0.0037640066772862447,0.9813443130492119,1.1323471389776505,0.01252635079425637
415,0.05757503829467607,0.27219143754081426,0.539747579142948,0.0033647108337366382
416,0.09957657592745392,1.991462061758206,1.9516539131382686,1.3491300611999795
417,0.35245293239776204,0.9875013627213025,1.842972711031946,0.060911001680556125
418,1.3179207222629485,1.6837760498164345,1.8450166752940924,1.3372781121907902
419,0.0025156518070967525,1.2857089720551762,0.50971558109288,0.002058881049101535
420,0.9499936452246095,1.7330776966677637,1.4327542381291465,0.4926266223340579
421,0.1927096674291536,0.9804546430119198,1.7769592382769823,0.04903399691334096
422,0.7755604919123189,0.4485333584222804,0.06466418118695552,0.0007243126444492776
423,0.16473306806601043,2.337735381601895,2.26526550494533,1.8107682845921396
424,0.08951403989482333,0.8317269474719923,1.8652189774392698,0.0587919796220063
425,1.0000267452011873,0.9186087535058705,1.6952923405016125,0.16347000149052934
426,1.5267028108443017,1.1670711522763655,1.571576305730252,0.9845542177865417
427,0.7784612468686968,1.7894597344835632,1.9942211701858854,0.4801621305019038
428,2.598053333471273,2.4070338590631817,1.5281883254654343,1.9021128874005662
429,0.018535889601349956,0.1278524956082837,0.19709244465479353,0.023235380222915342
430,1.971528689398737,1.7916856980435407,1.3197501736080228,1.089137333937248
431,0.2956153986296589,2.2782208455564104,1.2640881700204947,0.417566150189422
432,0.15092926271652846,0.17505719125374158,1.0684268265330295,0.043677073845072904
433,0.9333678565054196,1.374204512618611,1.8711667092471536,1.1385335662344267
434,0.04514441572319639,1.9383734924217444,0.6338408823457183,0.016698513959105363
435,0.027669334070201956,1.1346824659015142,0.933775565032182,0.050059876985752275
436,0.01828265906854242,2.4070370148811255,2.2654835019452446,0.029291001968810543
437,1.603096408895568,2.016322089792964,1.9475559983737856,1.4964325991660021
438,0.8203966001813792,1.464589860880045,1.7442294156287068,0.2663164342161054
439,0.9882936279657564,1.363678406575462,2.191219497223409,0.44373312281662697
440,8.838550374446459e-05,0.8875410534669873,0.5361711399188416,0.007847241029361187
441,1.0806524171399041,1.6658656495361457,1.9095465624408114,0.6753382832248114
442,0.0018430764323629288,0.34021939320550854,0.1577370109427821,0.0012222895631789571
443,0.9381475084576817,1.4427841324672335,2.4033704853269002,0.21011585632021545
444,0.9861839820721268,2.0980963083324493,2.0563729423174935,0.817994067557698
445,0.47688564922965737,1.699081453066454,0.5167447666333206,0.3882922790842359
446,0.336947748343955,2.4048987351173117,1.1751304783643732,0.15793886133972923
447,0.09131692905735937,0.03125898251971245,0.6805413804378397,0.29240853548144397
448,0.01135807812459215,1.8462143593319726,0.3796305052751991,0.010003565420961128
449,0.76880987636129,0.027489311724250596,0.05260763895306353,0.0015662882158156994
450,1.80812039575602,2.414387177992237,1.37922581322652,0.47868465641709124
451,0.21580713395040926,0.16329503194427372,1.4260251995536402,0.037655674129584996
452,0.42113147567664855,1.8111780011433956,0.9490856075493965,0.4058520406120131
453,0.5841762393772574,1.6217659457890514,1.7178112317902063,0.5995770618811664
454,0.12516047484990175,0.1662765360869734,0.0335514383432435,0.12391410055775601
455,0.07046425538065981,1.589795713220631,0.5675973197531804,0.010854570811182459
456,1.2701833269347906,0.16524865308571304,0.8618481064211957,0.25406631354598525
457,1.3124518863086356,1.08234109068587,2.3752378098975107,1.564341788903667
458,0.5765848993597555,0.1546544174364799,1.216938044734437,0.24398817418161822
459,1.8231261929120681,1.098394500975038,2.738065281461232,1.4907730301222997
460,2.0822686865882205,1.5885409733887794,0.598758122810693,2.4863638339714837
461,0.17446973739779664,0.2858150287250675,0.09805824662089523,0.08832864706037942
462,0.02429416524678497,1.2516955124558566,1.566937038800859,0.09299528989405709
463,1.348830406183661,1.8532180377372591,1.847665586937553,0.9251553533790117
464,1.809555704009809,2.5123493113255573,2.3062553289116914,1.170721645986467
465,0.013458137079403788,0.03474419089875496,1.278865174833082,0.0038280244712301363
466,0.9089451336934056,1.1973422258165465,0.7222923148422837,0.8371042998240044
467,0.09533004679325083,1.2214725271971507,0.6273125018266201,0.021064168246596696
468,0.06326542350728351,0.9016390315128103,0.8356592753287155,0.1293888089830367
469,0.0010196718000150832,2.145503832630441,1.3340404452167467,0.00011893002002113006
470,1.2906296692309076,1.80581258284307,1.575963927557852,0.7672224597307611
471,0.00039307492544280354,0.2328292856515456,0.07817302513735326,0.00026695199980806026
472,0.006224666627863214,0.23791208490373916,0.03461454633687899,0.00059188990530244
473,1.55086564155622,2.38339904351702,1.8450559809302405,0.474301410698908
474,1.0984729551284977,1.5742769198229718,2.2613411642490857,1.123321521334313
475,0.0016287355310617233,0.4307310003401709,0.07744525177568617,0.0021254010654800696
476,0.6126401472129566,0.4032079443593394,0.8889684991667617,0.37174959481835085
477,0.27174826851501654,0.452884907467838,1.1202805390687944,0.02763858631573516
478,0.09209582262855792,0.771591811029265,0.293802387746918,0.036643261214788746
479,0.853824911919723,2.279073041484755,2.187948914312566,0.6343251182061526
480,0.6230075119487164,1.3152467647928003,1.4234795145730659,0.41530467967377444
481,3.9498565422715695e-05,0.0025506827786508837,0.0036398006405437148,3.229090040186423e-06
482,0.6755630237855721,0.7500623392947973,0.4386856180154035,0.18063646008011267
483,0.32951990774257595,2.52326826407553,2.344338557869686,0.20519969418164638
484,0.02100771014637939,0.23613905756118514,0.4767941706120345,0.005449755092951778
485,0.08329481229570394,0.36369556920777346,0.04349310916623019,0.01096183730063901
486,0.0002547446876067154,0.09237050497137232,0.6546982991280716,0.00011871446628080187
487,0.0019081888918432437,0.3274306177029429,0.11138029503876991,0.0006754065856637584
488,0.881179010068014,2.3522229687012115,1.8524474456866837,0.7993866519144471
489,0.02039869307768658,1.574051900398652,0.8757650968135102,0.21340749909483053
490,3.046113113212826e-05,0.958153615381767,1.6641226472027322,0.0014634213763847657
491,1.3929278384035333,0.9698986338945881,2.4012626435656492,0.9778006588445805
492,0.10080707209761647,1.2227486125678901,0.7595149037180929,0.25236478575840227
493,0.0010588747225628015,0.7072538101167296,0.37290917351647807,0.004411667194348995
494,0.08906863363482342,0.5890432563591126,0.05234169112663363,0.6808055175187242
495,0.0007279327501506357,0.2951124257193154,0.0671702572014024,3.84750144019858e-05
496,0.001511353367827875,2.5596402027215857,2.3764731147240497,1.556361445202382
497,0.5044637727365078,0.14487190574771258,1.1910917941381978,0.5067681334357621
498,0.06622893748107438,1.9266118617626524,1.5918147220850356,0.007434012894417712
499,0.0508564292629218,2.210860213367136,1.7371385664453247,0.19418190439647054
500,1.1455908492425548,1.914516665007559,0.838409985375689,0.4431265577148455
501,0.00036645261977489034,1.1199075066520279,0.015636632986281193,0.00037570380421104706
502,0.7349571893298289,1.673800843777876,0.6821289788402002,0.6008171343431559
503,0.7493436232797552,2.606089783375721,2.3945380323742165,0.941292613557537
504,0.11059893715190805,0.8116659166503333,1.0203812033286017,0.31957046907611575
505,2.9488856642457134e-05,0.5183460492444577,0.21604614519760085,8.446856685624809e-06
506,0.5300263033075556,0.16421576809144972,1.116099859046224,0.6889212666310434
507,0.03292229219085117,0.09235491680900895,0.2623043135377646,0.00202938081460492
508,0.5192297649567261,2.08972536330454,1.9037059806806196,0.4186557584561803
509,0.011862098108040184,0.3150803166494798,0.8528424700173516,0.0037623150983145497
510,1.04973791848251,1.2042818309124532,0.8838130227222343,0.5902671720653484
511,5.6347549720609996e-05,0.01375032096593846,0.0023120494633680094,3.3858906884741416e-05
512,4.79357105497029e-08,0.006591816530890361,0.005656843631621901,3.48629608621306e-08
513,0.9797028310417926,1.6302695639580769,0.7862531672109978,0.8250379847437705
514,0.22518244309289506,0.18997878305241842,0.313220710572107,0.07172922055333854
515,1.361292616465766,1.7130664844609091,2.133705314807376,1.7590554837244237
516,0.00024664207274946166,0.035590982012435636,0.002446855822880907,1.6760937119235485e-08
517,0.08503797721525459,0.6400518045333983,0.7712557514831254,0.001635964509418106
518,0.4810172911822537,0.8287722732203335,1.7623836664898251,0.6768506548358415
519,0.03160430986813954,0.36810902776488374,0.26390741347488006,0.017425499921004204
520,0.39311504030687,1.1715559096168098,1.3815106348573942,0.11451129307025215
521,1.474276549393541e-05,0.2260348126581981,0.21058601526742887,6.4527166496152794e-06
522,0.3436157108496315,1.7677453595522572,1.4097479356302434,0.575956245449103
523,0.02681974529559761,0.7417962186540094,0.32643174301781164,0.007779958602193606
524,0.4148099896760958,0.41052825341075283,0.5060459730091006,0.08316757255426305
525,0.9985872847796892,0.031130326225260536,0.7993897014476374,0.14472397788481556
526,0.9568714938220464,1.2768945350136929,2.7775775774543465,2.4122648622883958
527,0.0008517298769396271,0.9180053200850335,1.339688130700787,0.00487438007730155
528,2.4389350352119386,2.0481994068861864,1.020956061793014,1.2668999132475864
529,0.005354824954228989,0.1113427168687497,0.5200245794373781,0.0006429039401106548
530,0.06150682114044622,1.1259451702094763,1.026557799565948,0.06099108856274739
531,0.590877351379076,2.2223823757909806,2.465180625546855,1.6274673530664214
532,0.9371137167617718,0.6644558689562923,1.338920196211586,0.2117425167133114
533,0.01751263625614336,0.15077371746745896,0.19510940183578845,0.0017818962678836372
534,2.9677374729195123e-05,0.004814955443271958,0.011375650606560232,3.1340759712253023e-06
535,0.0009978926487188065,0.0018831690813418916,0.03838567113769441,6.56473791512704e-05
536,0.004573560343160755,0.6245138606667918,0.6505343579367616,0.016535364616886695
537,0.3590129231418776,1.3267762674623569,1.6101170052781006,0.29442125147341125
538,0.7702204622126453,1.9202809424445269,1.9814176190802277,0.11276145009218252
539,1.5295617317188812,0.040738925926729966,0.5604558695492101,0.9132540523710584
540,8.654428099467126e-06,0.7969879258208588,0.4211035398696895,0.00018897383988200985
541,0.9592213385570943,2.3333233639352033,0.958537865734529,0.26266438301982253
542,1.190991448573309,0.13842263012430495,0.4235670529036664,1.1658553634776558
543,2.3808026986085453e-06,1.9316823607347584,0.14840338841130382,5.202915667987889e-07
544,1.1770918625406826e-07,0.08257413958326768,0.016278034004872603,3.3984374443570087e-10
545,0.23790771630031993,0.3556099954654631,0.15793819356052236,0.11437096416847634
546,0.0006633099601644691,0.330524225152992,0.37741046998439043,0.024838480926015215
547,0.33622958059948965,1.042159184465176,0.17922923277320987,0.4292794079419341
548,1.1141486269171765,0.9784702551851323,1.3584276052326896,0.6501696620146005
549,0.010266252654321094,0.004673319098857745,0.15355286881285107,0.012209641101952969
550,1.4950062308665597,1.7010575700265065,1.5719842207671582,1.445842228502265
551,0.7063405347265095,0.6602572465411789,1.1314005131223022,0.8130513167114001
552,0.00047271984028687353,0.461825957422141,1.340232049050288,0.00038227061694943293
553,0.6016047368051566,1.6547133371534457,1.0548331561836073,0.4447845322012224
554,0.0004598284318035286,0.5953313074035879,0.18547932514603718,0.00019320322702238911
555,2.162944485113282,1.0484513760478955,1.2160348871367983,1.702755025347501
556,0.034335209882154605,1.023029032076547,1.5407891526738862,0.0053745530056858865
557,0.0026214297420246737,1.1416245402900032,0.5320272279003224,0.0004395271346104031
558,0.003764477329089445,0.6599001907022196,0.5702047902733173,0.005065600858206394
559,0.0001551462535437199,1.0792988577799885,0.2604432507989961,8.484630484249982e-05
560,2.193978730445407e-06,0.24584145330321058,0.5472178616101833,2.070129822917354
561,3.515841929722388e-05,0.5219818206971668,0.1376386018573926,0.0002648901686897956
562,1.1493439694862435,1.3191052208858576,0.4076652844499693,0.6810893154144959
563,2.112544038895321,1.8889024369091374,2.120371866383985,1.235546185088046
564,0.08560969125344135,1.6015093921748118,1.4532412018901544,0.029413983427559985
565,0.20872178948620415,0.9949390308653598,1.4721484100679652,0.0680159225091965
566,0.19080210591223581,0.802670346552705,0.9850204803513674,0.09441759536141484
567,1.425572865696862,2.105268062004673,0.9731653059031952,1.7911709337201245
568,1.3165478635251548,1.8673315877466248,1.7607876451242532,1.4512476944068762
569,1.2864746643402236,0.604521603852817,2.010423722666324,1.208397936634988
570,0.9849169885235206,1.3755968692367104,0.6785131531402835,0.08891960322225399
571,0.0005857820005271682,0.5433771421373629,0.10203083772420427,0.001909115572081958
572,0.010147093010321614,0.9164606076395869,1.3751537174118516,0.03014134120924874
573,0.42042898172954835,1.222984028579628,2.108756543428526,0.07571824484760824
574,0.20103066707276027,0.42514277693595603,0.6410002357046325,0.2526719889441509
575,0.0005408536165637363,0.04411987904980541,0.052242179054426914,0.00011044039064349278
576,8.243270021964348e-06,0.03168004406720573,0.0655481514768442,3.4751167283827015e-05
577,0.07190630902707348,1.1187613858842471,2.4837938588339177,0.016315426671869148
578,0.0030359749861494055,0.019262034896242036,0.04872672133328481,0.0002562953961435857
579,1.2670012884361206,1.8183376180481867,1.9104575132563884,0.7905909337727465
580,0.006301928414038342,0.6134250838823821,0.26891096671543885,0.0023935270890070976
581,1.755581821946762,2.2921911797789556,1.9161355340483726,2.0678351082583117
582,6.956095335023876e-05,0.9227045866580311,0.0065793669448310456,0.0010459330306096864
583,2.6743912961237584,1.964801530595261,1.8770491206390236,2.2148402485767797
584,5.271663922379443e-07,1.177812915733066,0.07144082811178376,1.098655078875869
585,0.2673198478482159,1.1574020458197338,1.5546149540451715,0.027389466805353885
586,1.1271100558844884,2.4559328528358155,0.9992738180165026,1.020775609839284
587,0.06358109292341357,2.1580056403090833,2.6979569989353998,0.011394542848753995
588,0.015101332042231254,0.09294637639276211,0.023544793668996436,3.1218335026431433e-06
589,0.0008446637715167219,0.907987939566826,0.5827495724551287,0.0035090027887124293
590,0.42536880567851393,1.4716174600067322,0.09802069127688647,0.03659967041260969
591,1.0908497933407637,0.5043991070708149,1.031475765241375,0.9467520523163537
592,0.00013996608521238963,1.409016751040146,0.24573341579133917,8.707197345240006e-05
593,1.3977857331693824e-05,0.0009136513674917486,0.001450941868792601,4.266549801325926e-06
594,0.5708002599478349,1.1974466392994718,1.6411425788698255,0.9931133955068392
595,0.09870809805427341,0.556801742150265,1.9291275938790677,0.00047998362069618403
596,1.4049228442541498e-08,1.0095473844439398,0.030487971854038003,6.46097844267928e-08
597,1.6074893949492441,1.681829408140383,1.2770476659804713,1.0216522714982554
598,1.1980961706727649,1.2332466265739357,1.1488522984777811,0.3878528092879204
599,0.6524364628715063,1.281855389164769,1.799586655789016,1.066429185751698
600,0.0013263835208225474,1.299456497351791,0.8121234383056539,5.871295148980489e-05
601,0.9465669604025418,0.6587463450208983,0.36166061576098374,0.9661242612135337
602,0.06841685531054373,1.0886873232053333,2.775389622892476,2.280400538138514
603,0.018796326872516235,1.566364237163581,1.8938973684769922,0.0013400257163394425
604,5.632959995220916e-07,1.0072192649917333,0.8513354238284273,0.00022071957618135295
605,3.8186546879911904e-05,0.06613587329182867,0.03187545172663648,1.1984321096380195e-05
606,0.533851946172148,2.195724335459283,2.0268556800113045,0.2792975682275161
607,2.566119748359883,1.509625449497509,1.4298589848228835,2.1320148729851183
608,0.9675634661171503,0.6595076765343737,1.133030728177491,0.5432379890956958
609,4.691632646259522e-06,0.05211210324270229,0.01781012803580973,5.114247011665242e-07
610,0.010685095923335568,0.031231188081339248,1.250379006671834,0.0054842807755857235
611,0.22157655682845565,0.06383588082928879,0.1262529848443524,0.11447743091667478
612,0.0010189774193645764,0.08298829216205852,0.01638416648731688,0.00011610465764587505
613,0.00405457568524493,0.058488316191354764,0.2668212548696437,0.00031369994898239366
614,0.0008583889500296964,1.0703215998981512,0.14191617534540357,0.00014839667585707597
615,0.12645101295790523,0.6817810684934705,1.292291368033264,0.03164031199633295
616,1.2170810326215935,0.7220120792787142,1.3326240638762814,1.5324521592005298
617,1.1577850314939435,0.020724267025376476,0.278324457097566,0.08127262985594254
618,1.3223104933696184,1.893380439425587,2.1998664336054765,1.615331932516732
619,0.03529656068538974,1.0345806641477346,0.9709777500522171,0.8843013644989379
620,0.006861101650790428,0.024418730501616092,0.07432055437161206,0.006247390573430549
621,2.2090615650969756,2.3664918861073305,2.2349546054014047,1.1442408693431607
622,1.3485364123166845e-06,0.11017115945431344,0.06648978021825994,2.3066934975453524e-05
623,0.2015652545049456,0.7512128629526538,1.450695962568047,0.147104192664957
624,0.03626713218899204,0.7541966998905961,0.32639258506726626,0.7117612031417871
625,0.10079444520360828,0.39925055141718313,0.39722882973172463,0.013047325401681074
626,6.519462564684991e-06,0.06118826783950776,0.03252462850725271,1.0326060542465363e-07
627,0.021302231655941833,0.3146758824960817,0.46634210895995576,0.0059296822868639505
628,0.9919556185936158,0.38940616729583266,0.8006998616512081,0.8007978311229135
629,0.36761173331594205,1.6275288689370566,2.0897959448014927,0.7393311896140675
630,1.1754900875382313,0.20637458302268935,0.800804327489905,0.3132448286607606
631,0.6686471087900123,0.5915114022024245,0.7574479968569564,0.05429576630499217
632,0.008356741274323273,0.21065081518401652,1.0545055826705159,0.0007028180594073914
633,1.1765114985075793,2.078563325869542,1.523165711875484,0.8114854397667822
634,0.0011076614564025952,0.6183813800692308,0.3353625522146256,0.003811103795384466
635,1.478754104426893,2.0276273193843997,2.0988676349340842,0.5853466295309069
636,0.35246751663305853,1.3103295420587437,0.7504644377420426,0.06357795019238088
637,1.8626601434632346,1.4994222965705832,1.7689045023962358,1.7190239069641142
638,0.5160082574476403,0.5089492749973533,0.3415365507953406,1.104091542532577
639,0.6711159863910068,0.6237204926165297,1.9760563114819243,0.031793458680731516
640,0.9018545107756206,1.438631202506606,1.3401267077605548,0.8663355717511348
641,1.5921154213392463,2.1766661015090247,1.8927680880401123,1.9132494543817582
642,0.28160934474636024,2.1599466275181,2.567105259733306,2.092079428759068
643,9.005189710698918e-07,0.7583914742978312,0.3035926095498961,2.382047922526839e-07
644,0.047361213618534494,0.9279019186784574,0.19194913045811302,0.0021562409872862595
645,0.7873264605087239,1.097920530311507,0.31653045074597436,0.4515667249476376
646,0.5604020007809084,1.3200186169121597,2.0314733327144907,0.3808180625635083
647,1.097277866816949,0.8799048433967075,0.844519275722025,1.3225741700189626
648,0.3630625665094454,1.8126007721283164,1.8591213781398799,0.31937950138055565
649,0.6762446653145745,1.7586380166361038,1.1394553568154686,0.20105319323969714
650,0.1316341305718891,1.4477688327388751,1.3567272295223431,0.010498832653240671
651,0.006910044173615556,0.09988405057421984,1.4095647152213844,0.003187686579299676
652,0.7888495956558974,1.0846593770874287,1.1024504490764275,0.8171678036659543
653,1.6303070517360219,0.6088129371320403,1.9515940336990636,0.5079567317919123
654,0.012282539774042854,1.8834833262268083,1.6290361566756875,0.003697850815883052
655,0.9833337681948835,1.3301702847944987,0.6573749969432544,0.40884743477394253
656,1.269991543743217e-06,1.029725214951676,0.2404523505299225,0.00020016608754869973
657,0.24063375838708423,0.7944064987774353,1.8960726344121452,1.4952787719749903
658,0.013779693001114987,1.8390319133987938,1.1460304678406381,0.0013582113115271951
659,0.0031220282764411467,1.169058572487488,1.5579421796466453,0.009702699991455784
660,0.0024224081415913355,0.548385811457663,1.3571198961653284,0.0013407657108599539
661,1.005089479802609,0.7511053848881816,0.43723303365384014,0.22790971161741705
662,7.258870135245038e-07,0.003940944461602977,0.006344000428316286,1.0378441150935512e-05
663,0.42251020416110274,0.0778948298144055,0.43788849922383677,0.0628507992771152
664,0.020536604543442805,1.118789315922302,1.2883894848110302,0.0021330718488765813
665,0.8402015041394127,0.27902709328697434,0.17833723644534158,0.05652893426059667
666,0.11108852746067564,0.20940174706842674,0.21890617015078206,0.0030230636953329885
667,0.3697593958773681,1.739554494534069,1.3043356685653849,1.3797336002441227
668,0.5614548239114081,0.680422692421699,1.4709465924785021,0.9981503710122656
669,0.3823853984634134,1.8048233671939575,1.8069174814427011,0.14817054695046203
670,0.00018920770713719455,0.0026165473010188837,0.0034621880761196537,2.1922002252994596e-05
671,1.1266041669328193,1.1828982722847798,1.3567569410824731,1.1119637705164362
672,0.6920103886187078,0.5559481572325312,2.330100644320546,2.1582156853213226
673,2.38867910578288e-06,1.1318973486779276,0.9073438159851887,1.7884625604714147e-06
674,1.5407033641257482,2.1183135190596185,1.7478934375127526,0.30210866114368484
675,0.629403116326163,1.7117312767906219,0.38757851947515404,1.1863988662732348
676,2.3433302965607396e-05,1.1211351117002861,0.4689487551374339,2.0450725258442514e-05
677,2.0297868069446237,0.232653936344654,2.0552284806930086,1.946234418069755
678,0.19679800967042718,0.12040279482344052,1.2775897830708274,0.14738203383170337
679,1.0556712292492094,1.406819973189731,1.670284978821926,0.8465909508518348
680,0.1293112310698868,0.598190828335613,1.5501260496552702,0.05922944652251121
681,0.01616017152118683,0.00403369985523969,0.22074285587822745,0.0012830847658763822
682,2.177060390511954,2.2878698952691936,2.5554652841962437,1.8456608228872933
683,0.011344455644212301,1.6748140271650058,0.08057219017539213,1.96637884825178
684,0.17118640161959042,0.33699881177995666,0.46306264017955656,0.5165682694900817
685,0.4954986841029704,0.5857438016558877,0.5563915160301501,0.0795357348448063
686,0.4648167286099595,1.9067429532612565,1.6617323480898005,0.16272048182010349
687,1.4615236256763073,0.3374850351995156,1.6814688400144784,1.1780429374663242
688,1.1287819618855581,0.388971675167,0.8925358237940353,0.7656595222464821
689,0.9834213036142633,2.3327543900464858,2.2838642624926715,1.6794379248770954
690,1.9421950418540987,1.2142206995024671,2.2514043547547002,1.8087614345821856
691,0.01687047450711073,1.1449877335644738,1.5619833157760703,0.008410737443780495
692,0.17107243910518455,1.564009269684267,0.5899518927201698,0.025970095477325195
693,4.3766587832214255e-05,0.10752308099388966,0.2135647358848146,1.0729053155942821e-05
694,1.1635225510358462,1.1747028587064032,0.9481988442997014,0.08042384870742719
695,0.47912245895184136,0.8477618765019871,1.6428006959471315,0.4904508998904064
696,0.16570695297532712,0.037036205775063745,0.026697948485617448,0.0015863333805262072
697,0.05285423339686157,1.5974718270801234,1.7994582060672033,0.00818648329171259
698,5.530259126077853e-05,0.024159204369456757,0.02313474398894985,0.00032998284163790524
699,0.09629590272789976,1.4041573423742881,0.9588009777968577,0.21103795360067604
700,1.0246262402886237,1.6015962405879185,0.5008447689238246,0.5527785173229888
701,0.49129732736603526,0.3321832640799953,0.3359634122128334,0.016027732537023984
702,0.0017581662282955314,0.13401878797162226,0.8968344658376621,0.004179907803449319
703,0.04288791747173365,1.1813869056708917,1.1259015905073864,0.02423879496337747
704,0.030744131216202276,0.11247963817366621,0.7211376303875207,0.024738837376299647
705,1.86711724179065,2.0011641759900156,1.6434197644581348,1.8578218267786653
706,0.08145043054060665,0.612471697956913,0.5257240607326257,0.0059448110643606855
707,1.0949110260288561,0.18507355336000075,1.7663842922426918,0.7931205164448021
708,0.008985267164876557,0.22355306453184492,0.04536278577602491,0.0006064811575302344
709,0.0026385070434987662,0.0840345389292392,0.036573317078096516,0.000381489937341144
710,1.40495088342929,0.9372924138692347,1.6429660637793007,1.6876168146976074
711,1.1965841993118282,0.7469356487035101,0.34569306883079953,0.33112754076356254
712,0.0003160590587595623,0.13817584737390126,0.027031465031235782,2.22460489854464e-05
713,0.7945138090014502,1.8617023783779718,1.2047950444415443,0.3781923512994112
714,0.33065343005739667,1.7035862044357089,0.8506126783797575,0.33127135052580214
715,1.40389254690723,1.1197356287490519,2.216881063777437,1.9560686751864425
716,0.3054145704020196,1.0537366873434728,0.8017542568782801,0.08823138865484567
717,0.0007967302254285242,2.1895003106035067,1.303986307343464,0.0002650688988208331
718,0.5853769821956764,1.7248529300545299,1.7712621924720764,0.3768730796134822
719,0.11657215032104826,0.9698694292255243,1.0018211377057447,0.07598075754824118
720,0.9906412021002141,1.6028507400882828,1.3028603035586601,0.7018019988905116
721,0.02047549574329372,0.7684504615053038,1.0822239128399824,0.001386545484860266
722,3.079942075701048e-06,0.019735462970393122,0.013253964494163668,2.834353287875636e-06
723,4.5941336277895546e-07,0.9595643823499973,0.23492175795745834,4.8719973294458645e-05
724,6.0986401839669716e-05,0.08019982773385553,0.6222692786390178,7.3069173075799445e-06
725,1.7376666305687325,1.9094032000100583,2.9464315964675127,0.9867552465176572
726,0.0010393569821943668,1.0127475820739589,1.011051220699396,0.0646067766429183
727,1.4455234188364658,0.493465271704266,1.8544116186583033,1.259987905596651
728,0.6653027631818758,1.4618120690400502,0.4604826867552731,0.04370309785071751
729,0.02629227324187834,0.415304320771857,0.46606930175228367,0.0034234839718650435
730,0.7961730054478149,2.4027516277653973,1.4132953077197208,0.4403784517171354
731,0.6341153131195022,2.8108894067078523,2.4781553805206458,0.009678542503849601
732,0.0008216373742651285,0.06788719431628257,0.07376802412921109,0.0018766257345917425
733,0.11430160488762196,1.468174244312265,0.100658678173937,0.08092767566136569
734,0.41115114026576816,1.0459175824032505,1.2185537777763642,0.10892160128337058
735,1.3586671560065033,2.309230727052896,1.905202843424445,1.165978686730996
736,1.0469185598907704,2.0197589801977482,2.3625795032103976,0.21220201983092188
737,1.1142070866125295,1.9612460844736848,2.155013099278499,0.5290716885411579
738,0.09063673924071189,1.3468378192255042,1.5134117586464422,0.9234465652880091
739,1.7767405329644088,1.9584302542990621,1.8794583319928615,1.8922963233702494
740,0.3756139799148334,1.014581921175376,0.2495122636456122,0.09256525778619676
741,0.06720821005094796,0.051149505725027404,0.3708183471371702,0.28643672018498256
742,0.013727996704093361,1.6936844991336084,1.4402372374069754,1.0139365605100472
743,0.00203418764543009,1.0698044604530226,0.11639391851299875,0.00048583290569595124
744,1.1947586022937902,2.2122973559213386,2.4170817959506663,1.1721251527718473
745,0.004408156135847591,1.5937823274873706,0.10596779452869949,0.0018964332854532824
746,1.7475409528704886,1.4942723211603361,1.6294291346200356,0.5714417477820531
747,6.1000758526132285e-06,0.31066798450929906,0.008678264463747348,9.31774742238012e-07
748,0.0008542006754144688,1.6038680856923553,0.6246541609295485,0.00139347040669619
749,0.09916534471193475,1.2610585343276974,1.1393192532384004,0.12286073953309455
750,0.0016829177964793392,0.06919792790298843,0.18951472520870954,0.00031250473778134157
751,0.9482034914155527,0.035896870360185934,0.8025381079039576,0.008344060355961162
752,0.6640635282836166,2.2411706524524098,1.7402450081656384,0.3574600471501652
753,1.8409126079157574e-05,0.9112077144852937,0.08531356387942446,0.0014151580201223174
754,0.018559512118938283,1.0115763644870504,0.2979566909459754,0.011145948680476046
755,1.4018163927728733,1.8884536843436401,2.0241502433765226,1.0513361822251948
756,0.06796740495864712,0.1100021662442282,0.163782333213133,0.012328483593559926
757,0.001080274088494999,0.8160565941114992,0.059836696721489016,1.685736440522307e-05
758,0.24002189836099116,1.852161632801236,2.1651835987384307,0.18923569456886094
759,8.919799052266708e-05,0.7651293667159371,0.3674451428764109,0.0008490076366936504
760,0.62817723552044,0.08923963153634472,0.13644702367300876,1.0609535705279303
761,0.9951656304137451,1.48421514780788,1.199039995793996,0.5063929092164371
762,0.20693038969945574,0.22741834988811763,0.7179369567485231,0.029523338004337017
763,0.018763324750355467,1.3605324725451737,1.5448179497212462,1.5645188657021494
764,0.002704908465566371,0.8287792288164708,0.8266430517461834,0.047188771987617
765,0.001781841117459764,0.7085747503991121,0.9432753724892842,0.0013561747078042747
766,1.470157906622023,2.3534936136754787,1.9637610189173984,1.2479658690342095
767,0.09505431281329105,1.478214398732971,1.4630570672722065,0.08203601850354449
768,0.7592723304556366,1.8647425234857187,1.746194002062235,0.07167721255335911
769,1.9972503518349656,2.3787510619765118,2.077752807209163,0.5476168671621253
770,2.16513252101485,1.1782544445480583,2.201203706160546,1.7633939647341577
771,0.9883964889289265,1.1316097864227725,1.2103251309672567,0.3207462803917615
772,0.0008334422402944384,0.25435715026034705,0.00899707094190756,0.0005989792794489677
773,0.3560196008307872,1.3989376782349388,1.6894983669267631,0.06210677663329716
774,0.08319315910531556,0.03525735805366602,0.08641600603013898,0.0016272101849284062
775,1.0165136365320657,0.589440287604428,1.005703078865004,1.3469859797101589
776,1.7146346532356802,1.4231102337365245,1.7410556749161479,1.2920030189052696
777,2.9223748694319414e-06,0.009298196545503819,0.09036101753083936,3.175738921031053e-07
778,3.967334527892636e-06,2.275688780037401,1.8881683593706933,1.5101447712212215
779,0.1320715359679877,0.8137575338666654,0.24697283255377406,0.017504909906774908
780,0.001384172767644378,1.6651380660853152,0.22882601510504835,3.2586774241923696e-05
781,4.1425900267676675e-05,1.351841682406949,1.3213027230197603,0.0018206268924921578
782,0.0005219482064105163,0.13902792025758154,0.43106598834160204,0.0014918807269779925
783,1.1082694011000673,2.1213449703351737,1.1245831581282741,1.1292496841516289
784,7.52701423799829e-05,0.008897164424715302,0.06292106051084798,5.434699837229333e-06
785,1.5502214867047395,2.2040904284310665,1.0373064802728458,0.9335948285289317
786,0.554191701460854,1.0389367095346973,1.4678713457411525,0.31976159224834977
787,0.19704777127472406,0.308375606153062,0.5878339194632504,0.04840773137082924
788,0.5197908870389696,2.171383180067796,2.2398892445022285,0.2941721315348245
789,0.0033346906509105867,0.052883412152617895,0.14872869930916488,0.00017302346408126654
790,0.21568682517578636,1.820431985039164,2.2332815348693016,1.378485667293207
791,0.009674764826820361,1.1561953902289892,1.455354265125791,0.5741260368350203
792,0.8806172274603996,1.9577146936748804,1.4209130180867804,0.32195115861456397
793,1.9544213207870624,2.598201954583608,2.596091229657409,2.0858274544326427
794,0.024732270189497467,0.5096148278822663,0.13995721898787586,0.0031444895037327733
795,0.0015233391772836557,0.9172370442761764,0.5685591348079628,0.0004660691235218986
796,0.21212697628498994,2.0089592631480655,0.9397203582895272,0.024737629603960004
797,1.9095310109189811,1.2511049949929542,1.779848553095001,1.6981808277631913
798,0.4938115163853666,1.6236377946341018,2.1444031673855473,1.0856656524456376
799,1.0001769733114672,1.0513373161932447,2.365026515102324,0.8906174093290371
800,6.173387827987643e-09,0.0005197003192803105,0.004078175670139057,3.17246606852825e-08
801,1.1584765280528476e-07,0.1419605907278745,0.10391788210921574,3.725303844293084e-06
802,1.049858506537923,0.4106972558023296,0.9792467302943099,0.3941223205177648
803,1.0320846922482035e-05,0.39194123189545843,0.04797099462573677,5.477114700237467e-05
804,0.7433039408975497,0.416399932644521,0.21948751933243474,0.9344291086058605
805,0.019364107321898028,0.4621193305935741,0.5616535961306071,0.008651883442010474
806,0.5737330095929071,0.15377959804496605,0.013385534819048842,0.0609334762821923
807,0.01096652385760486,1.4800016136649676,0.915388556089604,0.05448015277945816
808,0.005569903100673917,1.9435648381598198,0.11307607867633339,0.0041193081055932845
809,0.03117545844433555,1.2560788037178379,1.0082243599219323,0.009628189410799725
810,0.21249454594898426,0.9908350547710938,1.3367340180907819,0.024898788690759833
811,1.7324654446901142,1.4369954332793458,1.6359752222434525,1.9748396801734138
812,0.005785526296852082,0.8278638072712201,0.9724567425529423,0.0039052311302969333
813,0.0470073096122271,0.6681986870756597,1.514835738587227,0.03243449651770428
814,1.081612785619689,0.9754834158551,1.4307589997565298,1.06991248155418
815,0.04240495196876367,0.4340124444156011,0.968825680128716,0.00755665359577695
816,4.525158996361167e-06,0.049991412073027874,0.060876096711731206,8.326959942966541e-07
817,1.792961702689314,1.6827283922565883,0.32747504578774583,1.4585665923753584
818,2.3284062810080215,1.3557224575031004,2.1522265137694285,1.7551834984704353
819,1.5811148072218584,2.6885474391470225,2.680637911932645,0.4568355852473805
820,1.8925739366217373,1.8281926920636804,2.24351639815608,1.699636487962308
821,0.18833229410601063,1.5236899805642714,1.080474265455266,0.17775832970323266
822,0.030332813254698054,1.1412068180028911,0.6596959540552267,0.9561556888480389
823,0.00048142388757684533,0.00033694298031150993,0.0025389212985512917,4.489931502925713e-06
824,3.827636524445517e-08,0.4315689530391647,0.33032551474443744,2.728619005648041e-07
825,0.19671897477616082,1.9411022597338532,2.1820177464142474,0.3255519455636703
826,0.15302436879370432,1.439856504769487,1.62756165281948,0.20059929224839318
827,9.146848270079357e-05,0.00017264184824372715,0.006327438339858527,3.056074475854277e-05
828,1.3873660444103342,1.7360824768627747,0.7533445465589745,1.4649003338579185
829,1.530484195375952,1.5629453755792424,1.8968170930680492,0.9285773143428767
830,0.03564343514068533,1.5499098592796892,0.7301415397467947,0.027062824236913606
831,0.21487415218527245,0.6170192939359982,1.1321098920524,0.09840643556632131
832,0.0007085456913882873,1.041253283755814,0.9149627242865146,0.00036028116584484545
833,0.299490084108149,1.620607806400488,1.1295932070974077,0.7026774325460424
834,0.995068443085432,0.26006865374041077,2.055371682291154,0.2525093310459125
835,1.2638035146711204,0.25949922242818735,1.3843425008394012,0.18532180882531066
836,0.2100881349670279,1.246347531838626,2.1110815059942443,0.17767556011227414
837,0.6207353422362358,1.146994409450721,1.9005579031914996,0.37046413345179147
838,0.015066877492045768,0.020976622053207748,0.01554414287433693,0.009917525944463804
839,3.6257060035920566e-05,0.22171707878638364,0.46273862936526977,1.9754123577532638e-07
840,9.413171454347387e-07,0.0009056241483336344,0.003755296184972733,4.5742289743641737e-07
841,0.009608822528948418,0.015833623875011495,0.0025052725549679776,0.006666327703589766
842,5.644875064922898e-08,0.013440105936539286,0.08308187658511706,2.1686957027400887e-07
843,0.3300563671553198,1.1475434660818058,1.2320526711996111,0.3402060818056785
844,1.0580594111963337,1.011389399382126,2.7042835389419255,0.7902917054814214
845,1.5282396226703756,2.182484786086627,1.6258772329862032,1.26186351878015
846,0.42367701800744745,0.5236690943912385,2.551084107907181,0.7560982295345315
847,0.0013913952396501826,0.4684763207904664,0.29029559923670434,1.5472899824387354
848,0.7198477542376709,1.3754954856398904,0.5450868994999187,0.5256276034987889
849,0.0017927806610640044,1.2055600667344815,1.843180807271408,0.002985577621377113
850,1.0166214318125801,0.9902792962260122,1.355073657120098,0.9332039348191418
851,0.00043136940466401315,0.5356032184967117,0.07713050795547202,8.02167822744272e-05
852,0.871438315769911,0.23296741301844712,0.6587376548632906,0.5994346033191438
853,0.4673455893756142,0.9733225017043831,0.8435913476898045,0.8735449329765114
854,0.00016068883778854866,0.908473391186378,1.331121092868894,1.580510200411207
855,0.025695775416073898,1.8647621363684115,1.0338708461794157,0.02329067572072687
856,0.03923309534694036,0.3786631154231646,0.16602992006943637,0.06680477201299996
857,0.2712273063713242,1.3349883936411708,0.2381656828183344,1.1890752177351398
858,0.0005926952827888741,0.07948654501637592,0.37312209235604565,0.0061432306314021775
859,0.013375155729497292,0.13905993791056923,0.8704563744815552,0.006288728698272265
860,0.790833808985658,0.8941950092661909,0.3225502611554056,0.8445473755646431
861,0.11399158765556398,0.8398676067770512,1.2145014438081416,0.06700024041621339
862,0.841005176054608,0.14906337229580147,0.2718380752363251,0.29865179524033475
863,0.5142990818775409,1.0778271514006974,1.3238004567196138,0.5518136124081822
864,0.0002815519916765496,0.8431892198801152,1.0679575567626616,0.7737805505244374
865,0.010407688537359613,1.323539666296649,1.2981636092499125,0.11929128062326
866,1.9543492138521614,1.2277023754237446,1.1746207340704986,2.0589522828450324
867,0.0008411036094809628,1.0923051461885065,1.8263387612045696,6.751933904706933e-05
868,0.001396952595918455,1.3400651525560605,0.40306994575589494,0.8538434238991497
869,0.016142857267506364,0.6145053802054471,0.3391469649329884,0.22464850876709297
870,0.8708663735336638,0.5824907708432806,0.5840828508593059,0.3589376787240599
871,5.6786237062361965e-11,0.530425357797737,0.12785424083197922,6.744409517839432e-08
872,0.0010326700278639447,0.1426887890955956,0.28746563723712487,0.00011255197591622773
873,1.3732936998915288,1.3860190061864104,2.3040288036594427,0.9933002441126522
874,0.00010590847614778433,1.069975619724108,0.5335069777638325,3.566789492590129e-07
875,1.6961135411746013,1.5842708463335564,1.0297776778445202,1.1830260562764243
876,0.00182231662957595,1.5685127559112022,0.7130514352205454,0.0005531397215246341
877,0.9321943760109574,0.8990688410567087,1.0325239790941236,0.7079940074483126
878,0.8714179212231206,1.8092942092568178,2.424125561288498,0.10166611112583937
879,0.46445627655670957,1.8463574186847898,2.2672004605698968,0.22365727844651148
880,0.011317717854540766,0.0637383958998626,0.06086581275407977,0.0011369694836329135
881,0.8271732408689271,2.2500386389002363,2.4881309669839267,0.521389974608075
882,0.0678468178108727,0.5391174355015049,0.49037529170030614,0.056842318448787704
883,1.2599567071030147,1.035852995131331,1.7582332390350524,1.3938634040874425
884,0.34484726142210326,0.9985070277704785,1.2816329042128913,0.01920725419074031
885,0.0015456122692347992,2.359935507715334,0.4054999045578874,0.014687542545894302
886,1.4593074184776982,1.1395668162698447,0.9412373352723636,0.29500138798802156
887,0.0013608985441862756,0.9273166069043961,0.6690522164230667,0.029489556946576158
888,0.7148026000364877,1.0501105831799862,0.6055867398492673,0.20665750597935162
889,0.6903457138110647,1.5728488816852852,1.1795273246351787,1.060373079537109
890,0.033232763105928195,1.2770892870395496,1.3407787165575908,0.05338270171483473
891,0.010203149537082382,0.2872787888051892,0.6041591237077041,0.0034930169993310422
892,0.7684341439894665,1.0442058726810342,1.3409670624118613,0.9001725324244693
893,0.22718888993863112,1.5496998164775504,1.2512656386246934,0.11080886340392775
894,0.0006564671365417154,1.0882335078173402,0.7403770467478819,0.029278161834757586
895,0.49535788733061314,0.9308501352929064,0.37224838458978027,0.965173086100994
896,0.026715406238604366,0.5381099213185768,1.5110136801946192,0.02192286948963666
897,0.0011166569098718156,0.23480976402627865,0.05519016363054195,0.002480705799800924
898,0.6443560039695088,2.287682184056244,1.55394180100405,0.45933503020544497
899,0.008456121178970549,0.8600641681706429,0.8826643769088554,0.026497275382125304
900,1.4652176531393561,0.13372957428174412,2.21002084594619,1.513265246632258
901,0.09559970394952766,0.4523605364558347,0.3948166075254967,0.02540413280707744
902,2.8190923359563355e-07,0.0016282365811044047,0.0031914127105589943,4.1570913106332046e-07
903,0.06476774712304148,1.2819835447675179,0.6914821693441756,0.003974116542029326
904,0.8217573343235656,0.12841308611871619,0.09668187384918657,0.793306912421031
905,1.6298531643655536,2.1614690896760824,1.6802189963575302,1.197253789671923
906,0.0008810950529265562,1.525890800400835,0.8675265239312248,0.002300817688218189
907,0.027432233660670782,0.18332342639439803,0.176034245990452,0.00790216526374633
908,0.5496327132601232,0.42958550432331555,0.8173548333720038,0.058459094798965563
909,2.1620047231418598e-05,0.018542875958000332,0.11058351682677585,8.565000920621064e-06
910,0.6873780811195297,1.2371362126141354,2.0608900982464915,0.7414228125977134
911,0.004653399228450061,0.9504489454087401,0.4937160949296287,0.00033487853169512417
912,0.644993175142318,1.477881672879976,1.6443881997693797,0.8717674818968726
913,0.1536216009508247,0.7401332419604395,1.0531252076692,0.392925820454772
914,0.11725432268596889,2.1996401139153545,1.518628950961629,1.3924007434415995
915,0.005355059171773372,0.7416800434705472,1.4209310066061867,0.17285308497516041
916,1.431548554424993,2.1703892635363013,1.4319158611407696,0.8106582215840993
917,0.06549180764213139,0.2640939867063364,0.16548144056660058,0.006307551115872136
918,0.007783186223545365,1.3687819787416289,0.2870287766848369,0.07973431520560269
919,0.013592237902655041,0.807527953714453,1.2492062967270159,1.9627342393079736
920,2.218620104910477,0.9078782476039284,0.6506299832725675,0.8644152786063377
921,0.0011649239181730333,0.0869101124781918,0.11361077706975617,5.286303742661358e-05
922,0.14388222309498827,0.03969293594894901,1.3490804002371422,0.12867686313857316
923,0.4082188168110901,1.5538490976062125,2.088224685916237,0.38778871894135974
924,0.003623947181150132,1.5443237373357692,0.8863853717314206,1.2660017401385708
925,0.21075017281441544,1.2506277500084781,0.59949473858424,0.9101474544222907
926,0.13508933018934352,1.0634663963199213,1.4747614741001067,0.7302917860849863
927,1.4333512217884805,0.663580714333745,1.414991760183715,1.1059398187971068
928,0.9519716601922125,1.500286201284669,1.2865351626704224,0.3174978514830249
929,0.4812575129398423,0.07237519884662104,0.007107336924862451,0.9703907116815889
930,0.07880634139446724,0.7819070161902366,0.8343333209105773,0.3243507014192948
931,0.006065338187330182,1.484003978530397,1.745043454530648,0.0017488998280176837
932,1.1923305179596735,2.0807728409005057,1.9291172727450545,1.4132511113085346
933,1.0859788897403844,1.0637960370363555,1.8399689249800295,0.3133756875308427
934,2.0799403666290406e-08,0.09246473859291701,0.0555655894211056,7.364582550124354e-08
935,0.826775204984776,2.1742237842733414,1.8420767899392523,0.13616925473063773
936,0.21622316335629985,1.2330659293982138,1.2931534823719792,0.34557969430674923
937,0.8477734055309204,1.74054631677758,0.7221629471759838,0.7011142511275497
938,0.17037741214966037,0.6001181756798812,0.473612240185905,0.16207782270982468
939,0.003281633801898071,0.3564794654722267,0.35142033882329615,0.04266841596794693
940,0.0015207033200372645,0.03540292737315018,0.23603419696675934,0.00022764276303698357
941,1.060961147878303,1.6722969990113148,1.8721881097041204,0.9642072504724122
942,0.5308218706613995,0.11768609207933968,1.82000182701687,0.25584841427732885
943,0.1327083555862637,1.064981740637115,0.20099205653932836,0.13275691559548083
944,1.5896465202032246e-05,0.7462473850116941,0.9128328225721343,1.1415634551077867
945,0.9124691472532331,0.4624358740979147,0.70879331207733,0.9629459731425206
946,0.00013373826759178537,1.177856886495833,1.5026717366545295,0.507689187181417
947,0.058215710238082446,1.3313959925453867,2.0893218052754765,0.8363188788419358
948,1.3153941053099278,1.803196595908587,1.9948520274545078,0.9542484432457903
949,3.904604089027559e-06,0.24390528353826924,0.033017323727099784,3.249858579729258e-06
950,1.4690168431017456,2.2350403511647796,1.5104797038446918,0.6624536229257787
951,0.0029780174507105716,0.13641084197189401,0.12937200565614346,0.0009027853717425327
952,0.006189932969373918,1.3517906698797675,0.9073273654820163,0.008920263966503857
953,0.4408721148450831,2.1236817930489744,1.0484188610665077,0.016912336596940435
954,0.019088894665041326,0.9098851909025963,0.2943273830966762,0.039441625809718765
955,0.00014883968552258447,0.018895096573758242,0.10423118470744337,2.025560857989713e-05
956,1.5264189911743644,1.7781549055315997,1.7206124407556005,1.1920026649859543
957,0.21808166030230247,0.8306661276728149,1.322326001664851,0.012002549912881667
958,0.0005688099453928649,2.391100348164527,0.1003850421279661,0.0002332770426618057
959,0.04473655220002045,0.7450181202761952,0.2933360280575835,0.007029056123477137
960,0.009110263388957589,0.05076729867115115,0.2030897882460625,0.014961098172192147
961,0.013578876318869004,0.9104448419310995,1.7969575141993896,0.16593111760647555
962,0.06380091778999826,0.913038938198521,1.1510537234532792,0.3726543468438731
963,0.011289924910160773,0.03055888514217424,0.022842455512215656,0.0033635725310436123
964,0.017569780291760748,0.03720639067419564,0.037702585727896705,0.0007528204498039336
965,0.3349132703843897,2.0229765406360376,1.5852957594821073,0.46317570021820453
966,1.1909082001639568,1.1501437343633742,1.923542826698239,1.057681546652305
967,0.0027485718439536036,0.008844371639181697,0.18780016763312654,0.00016458644804431612
968,3.5255482938077834e-05,0.9074416322420649,0.8200774127769117,0.00048181802511394046
969,0.00026750376429011263,0.34982491009835964,0.03628877861489543,0.002111781256938668
970,0.003337361034777584,0.47254137343568153,0.10789595576558068,0.0003400935365602662
971,0.0005455859663648616,0.830122219320257,0.5764231607265146,0.0006555888403645451
972,1.4053275155481508,1.8992462110725752,1.0134540174343418,1.6894350483413916
973,0.0010367755229518457,1.0928973960534227,0.9578755556878101,0.0035160618678994073
974,1.6153518274684182,1.3654450010784496,2.409632226443563,1.76323334511409
975,0.6004177465989519,0.07581681663616029,0.09802593408198192,0.003149983354850313
976,1.1287398200812206,0.7332866548027275,2.150151870664777,1.0152221766978544
977,0.5957364793165348,0.011564565056849958,0.04564798856793714,0.001301933646858541
978,0.001407009311972273,0.915055028559794,0.5735740204889304,0.07446528062216749
979,0.012013879459006477,0.12224099528941139,0.05697770589621708,0.03742757741399619
980,1.1531752600840903,0.8686326368133027,0.8461039932657193,0.73568517634986
981,1.0331084946070965,0.5494626067752932,1.90792594088948,1.1783805984383542
982,1.322066732398259,0.924610197876879,0.3306886849856217,1.2415904646779634
983,0.02874019615300971,1.7495876588457648,0.272039026976362,0.009805330194270859
984,0.004981436723894519,0.19291734798845958,0.041728609885184856,0.00046179315469524284
985,0.00685509267314704,0.0006678176489610096,0.006447359830746107,1.559781737278216e-07
986,0.5824470756379702,1.6569137350033951,1.3309397321613965,0.10502402595327548
987,0.0008272364712473047,0.879568531590355,0.9541016593628571,0.004541773331225311
988,0.6952237265919502,2.2759890525855644,1.125066546333874,0.6927963323056133
989,0.011792788806998978,1.8841260699345668,1.2948775257505183,1.2273065671708734
990,5.66526966527865e-06,1.043032844978017,0.15696189830099214,0.0004987368692374565
991,0.3716611017221241,1.6062840539764718,1.3412945240794363,0.8863395595713952
992,0.0027820618093431755,0.0010039291278535303,0.002750908200700337,1.1736108684369126e-05
993,0.2648957125048782,1.16466426627499,1.3548782057548772,0.44211181711581515
994,0.06588965004853721,0.5607744266968785,1.4300465928871278,0.006995575916887378
995,1.294637015123501,1.3286470660914986,1.6110104403320917,1.4315379954627612
996,0.19074783444737092,1.428253613967792,1.5042915874666214,0.04943767201907482
997,0.000597449377902713,1.4636427860859045,0.7885286165661328,0.006604968853814897
998,0.15173218444975806,0.9459936039273573,0.8010372259797109,0.03146980430147236
999,0.0021317424634909334,0.06614738780898312,0.06611628832743498,0.000863496059112981
